timestamp,year,month,day,hour,ticker,open,high,low,close,price_change,volume
2024-06-18,2024,6,1,0,SOLUSDT,143.28,143.82,127.95,137.41,-4.096873255164716,6557976.71
2024-06-19,2024,6,2,0,SOLUSDT,137.41,141.9,134.47,135.62,-1.3026708390946744,3536777.468
2024-06-20,2024,6,3,0,SOLUSDT,135.62,141.29,131.9,133.55,-1.5263235510986528,3507680.508
2024-06-21,2024,6,4,0,SOLUSDT,133.55,135.38,128.76,134.6,0.7862223886184821,3230074.027
2024-06-22,2024,6,5,0,SOLUSDT,134.61,136.74,133.0,133.69,-0.6834559096649697,1399215.891
2024-06-23,2024,6,6,0,SOLUSDT,133.7,135.09,128.22,128.69,-3.7471952131637933,1492401.231
2024-06-24,2024,6,0,0,SOLUSDT,128.68,132.66,122.0,132.33,2.836493627603361,5583497.777
2024-06-25,2024,6,1,0,SOLUSDT,132.34,139.9,131.2,136.58,3.20386882272934,3963661.704
2024-06-26,2024,6,2,0,SOLUSDT,136.57,140.41,134.85,136.81,0.1757340557955694,2503428.066
2024-06-27,2024,6,3,0,SOLUSDT,136.81,151.21,135.2,149.71,9.429135297127408,4450967.436
2024-06-28,2024,6,4,0,SOLUSDT,149.71,150.84,139.01,140.03,-6.465833945628219,3339031.267
2024-06-29,2024,6,5,0,SOLUSDT,140.03,143.26,139.67,140.28,0.17853317146325787,1468985.543
2024-06-30,2024,6,6,0,SOLUSDT,140.28,147.62,137.09,146.61,4.512403763900779,2086670.189
2024-07-01,2024,7,0,0,SOLUSDT,146.61,149.36,145.87,146.67,0.040924902803338,2280252.836
2024-07-02,2024,7,1,0,SOLUSDT,146.68,155.0,146.14,154.03,5.010908099263699,2776061.292
2024-07-03,2024,7,2,0,SOLUSDT,154.03,154.5,139.01,140.84,-8.563266896059208,4189341.933
2024-07-04,2024,7,3,0,SOLUSDT,140.84,142.75,127.2,127.86,-9.21613178074411,5230812.158
2024-07-05,2024,7,4,0,SOLUSDT,127.85,136.58,121.0,134.32,5.060617911615173,7669471.231
2024-07-06,2024,7,5,0,SOLUSDT,134.32,144.35,132.33,143.05,6.499404407385362,2873919.136
2024-07-07,2024,7,6,0,SOLUSDT,143.05,143.33,131.23,131.64,-7.976232086682995,2590805.369
2024-07-08,2024,7,0,0,SOLUSDT,131.64,142.0,127.77,139.81,6.206320267395941,5708358.008
2024-07-09,2024,7,1,0,SOLUSDT,139.81,144.33,136.45,141.42,1.151562835276436,3363673.606
2024-07-10,2024,7,2,0,SOLUSDT,141.43,146.2,138.6,141.98,0.38888496075796003,2700825.893
2024-07-11,2024,7,3,0,SOLUSDT,141.99,146.1,135.64,135.73,-4.408761180364828,3363094.13
2024-07-12,2024,7,4,0,SOLUSDT,135.73,140.55,133.92,139.46,2.7481028512488166,2929528.431
2024-07-13,2024,7,5,0,SOLUSDT,139.47,143.6,137.94,141.9,1.7423101742310223,1357177.621
2024-07-14,2024,7,6,0,SOLUSDT,141.89,148.56,141.87,147.66,4.066530410881676,2997466.757
2024-07-15,2024,7,0,0,SOLUSDT,147.66,159.95,147.0,159.38,7.937152918867668,3428848.522
2024-07-16,2024,7,1,0,SOLUSDT,159.37,162.49,152.57,160.62,0.7843383321829704,3988105.454
2024-07-17,2024,7,2,0,SOLUSDT,160.62,163.8,154.68,155.5,-3.1876478645249686,2840583.09
2024-07-18,2024,7,3,0,SOLUSDT,155.5,161.6,155.07,159.22,2.392282958199356,2584704.124
2024-07-19,2024,7,4,0,SOLUSDT,159.22,172.42,156.07,169.13,6.224092450697147,4685513.24
2024-07-20,2024,7,5,0,SOLUSDT,169.12,175.1,167.27,173.6,2.64900662251655,2047796.046
2024-07-21,2024,7,6,0,SOLUSDT,173.6,185.17,170.27,184.49,6.273041474654387,3684536.411
2024-07-22,2024,7,0,0,SOLUSDT,184.49,185.0,176.71,178.9,-3.029974524364466,3345609.525
2024-07-23,2024,7,1,0,SOLUSDT,178.9,180.54,169.72,173.03,-3.2811626607043065,3895827.332
2024-07-24,2024,7,2,0,SOLUSDT,173.03,182.5,170.9,178.06,2.9070103450268747,3845177.713
2024-07-25,2024,7,3,0,SOLUSDT,178.07,179.59,165.42,171.85,-3.4930083674959285,4859387.428
2024-07-26,2024,7,4,0,SOLUSDT,171.86,185.01,171.69,183.06,6.516932386826479,3030603.246
2024-07-27,2024,7,5,0,SOLUSDT,183.07,188.33,178.11,183.92,0.46430327197246646,3518852.056
2024-07-28,2024,7,6,0,SOLUSDT,183.92,186.77,181.16,184.9,0.5328403653762604,1901473.957
2024-07-29,2024,7,0,0,SOLUSDT,184.91,193.98,181.57,182.57,-1.265480504028989,4024560.314
2024-07-30,2024,7,1,0,SOLUSDT,182.57,184.95,175.39,179.16,-1.8677767431670027,3074498.493
2024-07-31,2024,7,2,0,SOLUSDT,179.16,185.1,171.61,171.71,-4.158294262112072,3250862.527
2024-08-01,2024,8,3,0,SOLUSDT,171.7,172.91,157.91,167.37,-2.521840419336042,5523497.615
2024-08-02,2024,8,4,0,SOLUSDT,167.37,169.43,150.0,152.77,-8.723188146023777,5553017.934
2024-08-03,2024,8,5,0,SOLUSDT,152.78,154.05,140.0,142.52,-6.715538683073695,5444954.693
2024-08-04,2024,8,6,0,SOLUSDT,142.53,146.08,131.22,138.33,-2.946748053041457,7037715.285
2024-08-05,2024,8,0,0,SOLUSDT,138.32,139.37,110.0,129.78,-6.174089068825905,24267557.819
2024-08-06,2024,8,1,0,SOLUSDT,129.79,149.59,129.4,144.4,11.256645350181072,8362643.634
2024-08-07,2024,8,2,0,SOLUSDT,144.4,155.0,142.21,144.77,0.2562326869806126,8372307.587
2024-08-08,2024,8,3,0,SOLUSDT,144.78,163.7,141.4,163.13,12.674402541787536,7303133.96
2024-08-09,2024,8,4,0,SOLUSDT,163.12,163.54,150.72,156.28,-4.19323197645905,4098735.233
2024-08-10,2024,8,5,0,SOLUSDT,156.29,158.75,152.54,154.01,-1.4588265404056568,1885839.233
2024-08-11,2024,8,6,0,SOLUSDT,154.01,158.0,141.2,141.57,-8.07739757158626,3468314.255
2024-08-12,2024,8,0,0,SOLUSDT,141.56,150.79,141.2,146.29,3.3413393614015185,4946945.239
2024-08-13,2024,8,1,0,SOLUSDT,146.29,149.82,142.92,146.65,0.2460865404333951,2865655.423
2024-08-14,2024,8,2,0,SOLUSDT,146.65,152.18,142.36,143.71,-2.0047732696897356,3927148.647
2024-08-15,2024,8,3,0,SOLUSDT,143.7,147.64,137.78,142.58,-0.7794015309672765,4229038.816
2024-08-16,2024,8,4,0,SOLUSDT,142.58,144.88,136.1,139.04,-2.482816664328812,4035320.605
2024-08-17,2024,8,5,0,SOLUSDT,139.04,141.99,137.61,141.93,2.078538550057548,1561594.103
2024-08-18,2024,8,6,0,SOLUSDT,141.92,147.31,140.56,142.42,0.3523111612175874,2352046.743
2024-08-19,2024,8,0,0,SOLUSDT,142.42,146.19,140.33,144.29,1.313017834573799,2940357.953
2024-08-20,2024,8,1,0,SOLUSDT,144.28,148.83,141.0,142.27,-1.3931244801774263,3021467.596
2024-08-21,2024,8,2,0,SOLUSDT,142.27,144.42,138.7,142.79,0.365502214099938,2519581.859
2024-08-22,2024,8,3,0,SOLUSDT,142.78,144.88,140.63,143.22,0.30816640986132354,1825402.718
2024-08-23,2024,8,4,0,SOLUSDT,143.23,154.08,142.68,153.26,7.002722893248622,3781090.162
2024-08-24,2024,8,5,0,SOLUSDT,153.27,162.3,151.97,160.67,4.828081163959012,3739086.949
2024-08-25,2024,8,6,0,SOLUSDT,160.67,162.0,155.25,158.92,-1.0891890209746686,2629083.703
2024-08-26,2024,8,0,0,SOLUSDT,158.92,162.0,155.53,157.12,-1.1326453561540293,3318398.041
2024-08-27,2024,8,1,0,SOLUSDT,157.12,159.69,145.03,146.79,-6.574592668024448,3650375.766
2024-08-28,2024,8,2,0,SOLUSDT,146.78,149.3,140.53,143.95,-1.9280555934051047,4270867.034
2024-08-29,2024,8,3,0,SOLUSDT,143.96,147.36,138.05,140.0,-2.750764101139211,2921816.829
2024-08-30,2024,8,4,0,SOLUSDT,140.01,141.11,132.04,137.99,-1.4427540889936303,4038797.169
2024-08-31,2024,8,5,0,SOLUSDT,137.99,139.23,134.49,135.35,-1.9131821146459993,1230210.745
2024-09-01,2024,9,6,0,SOLUSDT,135.35,136.15,127.66,128.5,-5.060953084595489,2928444.741
2024-09-02,2024,9,0,0,SOLUSDT,128.5,135.39,126.8,134.94,5.011673151750971,3146315.554
2024-09-03,2024,9,1,0,SOLUSDT,134.95,138.13,127.15,127.54,-5.490922563912547,2627381.925
2024-09-04,2024,9,2,0,SOLUSDT,127.54,134.98,122.6,133.64,4.782813235063493,3814059.109
2024-09-05,2024,9,3,0,SOLUSDT,133.64,135.58,127.85,129.41,-3.165219994013761,2762037.052
2024-09-06,2024,9,4,0,SOLUSDT,129.4,134.29,120.0,125.05,-3.36166924265843,5494252.37
2024-09-07,2024,9,5,0,SOLUSDT,125.05,129.5,124.13,127.71,2.12714914034386,2111596.965
2024-09-08,2024,9,6,0,SOLUSDT,127.72,131.7,126.61,130.15,1.902599436266839,1971919.866
2024-09-09,2024,9,0,0,SOLUSDT,130.15,137.09,126.96,135.08,3.787936995774112,3664956.878
2024-09-10,2024,9,1,0,SOLUSDT,135.07,138.0,132.5,135.63,0.4145998371214943,2305171.22
2024-09-11,2024,9,2,0,SOLUSDT,135.64,135.91,128.2,132.42,-2.3739309938071362,3139383.418
2024-09-12,2024,9,3,0,SOLUSDT,132.43,136.78,132.38,136.05,2.7335195952578757,2273359.309
2024-09-13,2024,9,4,0,SOLUSDT,136.06,139.8,131.7,139.02,2.1755108040570397,2714532.025
2024-09-14,2024,9,5,0,SOLUSDT,139.02,139.8,135.6,137.14,-1.3523234067040883,1396833.298
2024-09-15,2024,9,6,0,SOLUSDT,137.15,137.95,130.43,131.37,-4.214363835216917,1850456.74
2024-09-16,2024,9,0,0,SOLUSDT,131.38,132.4,128.91,131.47,0.06850357740904507,2136388.305
2024-09-17,2024,9,1,0,SOLUSDT,131.47,135.55,130.12,131.54,0.05324408610328833,2339845.911
2024-09-18,2024,9,2,0,SOLUSDT,131.54,134.45,127.07,134.34,2.128630074502061,3309787.258
2024-09-19,2024,9,3,0,SOLUSDT,134.34,144.04,134.27,142.89,6.364448414470733,4130435.35
2024-09-20,2024,9,4,0,SOLUSDT,142.88,152.5,141.18,146.66,2.6455767077267645,4488100.615
2024-09-21,2024,9,5,0,SOLUSDT,146.67,150.25,144.61,149.41,1.8681393604690864,1916733.216
2024-09-22,2024,9,6,0,SOLUSDT,149.42,149.92,141.12,144.63,-3.2057288180966355,2165962.888
2024-09-23,2024,9,0,0,SOLUSDT,144.64,149.07,142.13,144.79,0.10370575221239331,3226373.773
2024-09-24,2024,9,1,0,SOLUSDT,144.79,154.0,143.09,152.73,5.483804130119482,4015502.931
2024-09-25,2024,9,2,0,SOLUSDT,152.74,153.93,147.28,147.98,-3.116406966086172,2728253.346
2024-09-26,2024,9,3,0,SOLUSDT,147.97,158.05,146.57,155.55,5.122659998648383,4251220.763
2024-09-27,2024,9,4,0,SOLUSDT,155.54,161.43,153.89,157.64,1.3501350135013466,3725660.998
2024-09-28,2024,9,5,0,SOLUSDT,157.63,159.43,155.0,156.75,-0.5582693649685945,1580834.341
2024-09-29,2024,9,6,0,SOLUSDT,156.75,161.78,155.09,158.46,1.090909090909096,2350658.476
2024-09-30,2024,9,0,0,SOLUSDT,158.47,159.77,151.73,152.49,-3.773584905660371,3240682.206
2024-10-01,2024,10,1,0,SOLUSDT,152.51,157.34,142.29,145.13,-4.839026949052518,4991241.419
2024-10-02,2024,10,2,0,SOLUSDT,145.12,148.96,138.61,140.18,-3.4040793825799325,3817606.119
2024-10-03,2024,10,3,0,SOLUSDT,140.18,142.96,133.11,136.82,-2.3969182479669096,3742347.845
2024-10-04,2024,10,4,0,SOLUSDT,136.81,144.55,135.95,143.24,4.699948834149556,3120151.953
2024-10-05,2024,10,5,0,SOLUSDT,143.24,144.93,141.06,142.59,-0.4537838592571947,1475217.816
2024-10-06,2024,10,6,0,SOLUSDT,142.59,146.75,142.0,146.48,2.7281015498983003,1409071.4
2024-10-07,2024,10,0,0,SOLUSDT,146.47,152.4,143.5,143.96,-1.7136615006485907,3607754.951
2024-10-08,2024,10,1,0,SOLUSDT,143.97,145.6,141.17,143.49,-0.333402792248378,2153828.153
2024-10-09,2024,10,2,0,SOLUSDT,143.5,145.34,138.66,139.33,-2.9059233449477264,2071518.061
2024-10-10,2024,10,3,0,SOLUSDT,139.33,140.92,135.52,139.03,-0.215316155888905,2289782.907
2024-10-11,2024,10,4,0,SOLUSDT,139.04,146.62,138.68,145.53,4.667721518987348,2269088.918
2024-10-12,2024,10,5,0,SOLUSDT,145.52,147.32,144.71,146.4,0.604727872457391,1347679.548
2024-10-13,2024,10,6,0,SOLUSDT,146.39,148.86,144.45,147.74,0.9221941389439325,1599054.833
2024-10-14,2024,10,0,0,SOLUSDT,147.74,158.1,146.8,157.59,6.667117909841609,3987055.145
2024-10-15,2024,10,1,0,SOLUSDT,157.59,159.73,150.3,154.76,-1.7957992258392108,4480025.111
2024-10-16,2024,10,2,0,SOLUSDT,154.76,158.41,153.0,154.28,-0.31015766347892854,2851816.35
2024-10-17,2024,10,3,0,SOLUSDT,154.28,155.73,147.66,150.5,-2.450090744101634,2664809.948
2024-10-18,2024,10,4,0,SOLUSDT,150.5,156.65,149.56,154.94,2.950166112956809,1829394.118
2024-10-19,2024,10,5,0,SOLUSDT,154.93,159.85,153.45,159.79,3.136900535725802,1724504.166
2024-10-20,2024,10,6,0,SOLUSDT,159.79,167.94,157.58,167.4,4.762500782276747,3094698.825
2024-10-21,2024,10,0,0,SOLUSDT,167.4,171.76,160.99,166.17,-0.7347670250896166,4807758.742
2024-10-22,2024,10,1,0,SOLUSDT,166.16,170.99,162.99,167.59,0.860616273471357,4115685.502
2024-10-23,2024,10,2,0,SOLUSDT,167.6,174.3,164.13,170.85,1.9391408114558473,4509792.292
2024-10-24,2024,10,3,0,SOLUSDT,170.86,179.3,170.5,177.19,3.7047875453587635,3893052.12
2024-10-25,2024,10,4,0,SOLUSDT,177.19,177.6,159.12,164.9,-6.936057339578978,5718307.066
2024-10-26,2024,10,5,0,SOLUSDT,164.91,173.25,162.43,170.88,3.620156448972166,3010702.796
2024-10-27,2024,10,6,0,SOLUSDT,170.87,178.27,170.26,176.63,3.3709837888453156,2606131.771
2024-10-28,2024,10,0,0,SOLUSDT,176.63,179.8,172.45,178.29,0.9398176980127931,3877330.221
2024-10-29,2024,10,1,0,SOLUSDT,178.28,183.38,176.41,179.42,0.6394435719093484,4046109.939
2024-10-30,2024,10,2,0,SOLUSDT,179.43,181.36,173.01,174.87,-2.541381039959874,2893112.751
2024-10-31,2024,10,3,0,SOLUSDT,174.87,176.56,167.56,168.69,-3.534053868588098,2661529.298
2024-11-01,2024,11,4,0,SOLUSDT,168.69,174.0,163.43,166.1,-1.5353607208488964,3325662.447
2024-11-02,2024,11,5,0,SOLUSDT,166.11,168.61,162.11,166.17,0.03612064294742872,1603273.603
2024-11-03,2024,11,6,0,SOLUSDT,166.16,166.61,157.82,162.53,-2.184641309581124,2745309.829
2024-11-04,2024,11,0,0,SOLUSDT,162.52,165.04,155.11,157.95,-2.8119616047255853,3019251.325
2024-11-05,2024,11,1,0,SOLUSDT,157.95,169.3,156.86,166.62,5.489078822412166,3438156.871
2024-11-06,2024,11,2,0,SOLUSDT,166.63,190.01,166.4,186.59,11.978635299765953,10385235.992
2024-11-07,2024,11,3,0,SOLUSDT,186.59,197.84,185.84,196.35,5.230719759901383,4210329.82
2024-11-08,2024,11,4,0,SOLUSDT,196.36,205.0,195.64,199.85,1.777347728661632,5129244.188
2024-11-09,2024,11,5,0,SOLUSDT,199.86,203.45,194.86,199.89,0.015010507355134952,2833304.996
2024-11-10,2024,11,6,0,SOLUSDT,199.89,215.27,198.68,210.07,5.0928010405723185,7968628.23
2024-11-11,2024,11,0,0,SOLUSDT,210.07,224.0,204.16,222.13,5.740943495025469,8935306.968
2024-11-12,2024,11,1,0,SOLUSDT,222.12,225.21,204.71,211.64,-4.718170358364856,9001990.659
2024-11-13,2024,11,2,0,SOLUSDT,211.63,220.44,200.67,215.13,1.6538297972877192,10834052.799
2024-11-14,2024,11,3,0,SOLUSDT,215.14,222.8,206.78,209.57,-2.5890118062656846,7458523.708
2024-11-15,2024,11,4,0,SOLUSDT,209.57,220.5,204.48,218.45,4.237247697666649,5271091.924
2024-11-16,2024,11,5,0,SOLUSDT,218.44,221.99,213.35,215.71,-1.2497711041933666,4204469.3
2024-11-17,2024,11,6,0,SOLUSDT,215.72,242.33,212.1,237.47,10.082514370480252,8433424.204
2024-11-18,2024,11,0,0,SOLUSDT,237.47,248.44,234.01,239.79,0.9769655114330202,7485850.361
2024-11-19,2024,11,1,0,SOLUSDT,239.79,247.5,233.4,237.63,-0.9007881896659563,5595613.402
2024-11-20,2024,11,2,0,SOLUSDT,237.64,242.54,230.37,235.48,-0.9089378892442336,5472203.476
2024-11-21,2024,11,3,0,SOLUSDT,235.48,259.8,229.6,256.37,8.871241719041963,8595939.994
2024-11-22,2024,11,4,0,SOLUSDT,256.38,264.39,251.47,256.9,0.20282393322411338,5155181.905
2024-11-23,2024,11,5,0,SOLUSDT,256.9,264.0,252.69,254.89,-0.7824056052938853,4836783.227
2024-11-24,2024,11,6,0,SOLUSDT,254.9,259.78,240.93,252.73,-0.8513142408787823,3665245.812
2024-11-25,2024,11,0,0,SOLUSDT,252.74,256.7,231.21,234.18,-7.343515074780408,4699636.317
2024-11-26,2024,11,1,0,SOLUSDT,234.18,239.66,221.8,230.69,-1.4903066017593343,5012621.456
2024-11-27,2024,11,2,0,SOLUSDT,230.69,243.33,227.51,241.96,4.885343968095717,3807284.297
2024-11-28,2024,11,3,0,SOLUSDT,241.96,245.28,232.8,237.59,-1.806083650190116,2694033.06
2024-11-29,2024,11,4,0,SOLUSDT,237.58,246.77,236.55,243.33,2.4202373937200097,2890806.079
2024-11-30,2024,11,5,0,SOLUSDT,243.33,245.4,237.5,237.6,-2.354826778449027,2279256.816
2024-12-01,2024,12,6,0,SOLUSDT,237.6,239.89,234.1,236.8,-0.3367003367003295,2435872.954
2024-12-02,2024,12,0,0,SOLUSDT,236.79,238.2,220.0,225.72,-4.675028506271377,5868060.275
2024-12-03,2024,12,1,0,SOLUSDT,225.73,239.6,215.0,233.92,3.6282284144774724,6918604.728
2024-12-04,2024,12,2,0,SOLUSDT,233.92,241.0,224.67,229.15,-2.0391586867304983,4966864.205
2024-12-05,2024,12,3,0,SOLUSDT,229.15,244.77,222.95,235.84,2.9194850534584322,7391549.993
2024-12-06,2024,12,4,0,SOLUSDT,235.84,247.0,230.92,236.87,0.436736770691995,5136553.827
2024-12-07,2024,12,5,0,SOLUSDT,236.87,243.61,234.12,238.14,0.536159074597873,2933621.438
2024-12-08,2024,12,6,0,SOLUSDT,238.14,241.51,233.22,237.02,-0.4703115814226826,2222837.551
2024-12-09,2024,12,0,0,SOLUSDT,237.02,237.28,203.0,216.63,-8.602649565437522,7391583.708
2024-12-10,2024,12,1,0,SOLUSDT,216.62,221.06,203.21,213.6,-1.3941464315391054,7018707.73
2024-12-11,2024,12,2,0,SOLUSDT,213.6,230.65,211.51,227.29,6.409176029962546,4688484.808
2024-12-12,2024,12,3,0,SOLUSDT,227.29,234.69,225.67,226.96,-0.14518896563860448,3559104.067
2024-12-13,2024,12,4,0,SOLUSDT,226.95,228.44,220.6,224.79,-0.9517514871116971,2889526.771
2024-12-14,2024,12,5,0,SOLUSDT,224.79,227.51,215.13,219.93,-2.162017883357794,2155654.471
2024-12-15,2024,12,6,0,SOLUSDT,219.94,225.5,215.68,224.27,1.9687187414749534,2130908.009
2024-12-16,2024,12,0,0,SOLUSDT,224.26,227.56,213.26,216.19,-3.5985017390528817,3863409.201
2024-12-17,2024,12,1,0,SOLUSDT,216.19,228.95,211.36,223.15,3.2193903510800723,5177736.748
2024-12-18,2024,12,2,0,SOLUSDT,223.16,226.04,204.8,206.53,-7.452052339128874,5565926.563
2024-12-19,2024,12,3,0,SOLUSDT,206.53,212.14,187.0,193.81,-6.15891153827531,7402649.886
2024-12-20,2024,12,4,0,SOLUSDT,193.82,199.81,175.26,194.48,0.3405221339387043,9793383.668
2024-12-21,2024,12,5,0,SOLUSDT,194.48,201.98,178.3,181.45,-6.699917729329495,5243572.617
2024-12-22,2024,12,6,0,SOLUSDT,181.46,187.87,176.88,180.52,-0.5180205003857586,3573368.972
2024-12-23,2024,12,0,0,SOLUSDT,180.53,193.48,176.48,190.11,5.30659724145572,4217664.03
2024-12-24,2024,12,1,0,SOLUSDT,190.12,199.0,186.13,197.09,3.6661056175047326,2709577.672
2024-12-25,2024,12,2,0,SOLUSDT,197.09,201.85,195.0,197.44,0.17758384494393134,1958644.487
2024-12-26,2024,12,3,0,SOLUSDT,197.45,199.71,186.54,188.46,-4.553051405419084,2045566.1
2024-12-27,2024,12,4,0,SOLUSDT,188.46,194.39,182.74,184.22,-2.249814284198243,1946509.645
2024-12-28,2024,12,5,0,SOLUSDT,184.22,196.1,183.82,195.5,6.123113668439909,1494847.867
2024-12-29,2024,12,6,0,SOLUSDT,195.5,197.71,188.57,189.94,-2.8439897698209733,1560190.019
2024-12-30,2024,12,0,0,SOLUSDT,189.94,196.47,185.89,191.38,0.7581341476255647,2415985.488
2024-12-31,2024,12,1,0,SOLUSDT,191.37,199.27,188.04,189.31,-1.076448764174114,2461978.262
2025-01-01,2025,1,2,0,SOLUSDT,189.31,195.33,188.0,194.28,2.625323543394432,1655160.102
2025-01-02,2025,1,3,0,SOLUSDT,194.28,210.48,193.43,208.31,7.221535927527281,3224923.982
2025-01-03,2025,1,4,0,SOLUSDT,208.3,219.83,205.63,217.99,4.651944311089773,3251086.556
2025-01-04,2025,1,5,0,SOLUSDT,218.0,218.18,213.54,216.67,-0.6100917431192718,1943711.39
2025-01-05,2025,1,6,0,SOLUSDT,216.67,219.05,211.46,213.41,-1.504592237042503,2101040.545
2025-01-06,2025,1,0,0,SOLUSDT,213.41,223.18,211.56,218.22,2.2538775127688497,2855362.858
2025-01-07,2025,1,1,0,SOLUSDT,218.22,219.11,201.8,202.17,-7.354962881495744,3742298.284
2025-01-08,2025,1,2,0,SOLUSDT,202.17,203.28,188.34,197.48,-2.3198298461690645,4446830.23
2025-01-09,2025,1,3,0,SOLUSDT,197.48,199.06,182.0,184.95,-6.344946323678348,3607147.193
2025-01-10,2025,1,4,0,SOLUSDT,184.96,193.02,183.51,187.68,1.4705882352941169,3642892.082
2025-01-11,2025,1,5,0,SOLUSDT,187.69,191.91,184.01,188.09,0.2131173743939505,2204486.056
2025-01-12,2025,1,6,0,SOLUSDT,188.09,191.0,185.17,188.51,0.22329735764792785,1330917.135
2025-01-13,2025,1,0,0,SOLUSDT,188.5,191.99,168.88,182.87,-2.9867374005305014,5669925.613
2025-01-14,2025,1,1,0,SOLUSDT,182.86,190.11,181.88,187.57,2.5757410040468005,2737355.064
2025-01-15,2025,1,2,0,SOLUSDT,187.57,206.04,185.84,205.86,9.751026283520831,3768610.58
2025-01-16,2025,1,3,0,SOLUSDT,205.86,217.14,198.47,211.14,2.564849897988911,5710255.657
2025-01-17,2025,1,4,0,SOLUSDT,211.15,222.11,209.84,219.51,3.9592706606677646,4384472.838
2025-01-18,2025,1,5,0,SOLUSDT,219.52,270.67,217.29,261.97,19.337645772594758,19971981.58
2025-01-19,2025,1,6,0,SOLUSDT,261.97,295.83,236.68,252.42,-3.645455586517555,25051667.6
2025-01-20,2025,1,0,0,SOLUSDT,252.4,273.29,229.44,242.19,-4.045166402535661,16879575.561
2025-01-21,2025,1,1,0,SOLUSDT,242.18,260.06,230.0,250.33,3.3652655049962856,7882737.257
2025-01-22,2025,1,2,0,SOLUSDT,250.33,272.03,248.43,257.36,2.808293053169816,6223427.616
2025-01-23,2025,1,3,0,SOLUSDT,257.37,258.48,242.19,253.11,-1.6552045692971176,6802762.723
2025-01-24,2025,1,4,0,SOLUSDT,253.12,270.18,247.18,253.37,0.09876738305941844,5214294.569
2025-01-25,2025,1,5,0,SOLUSDT,253.36,260.78,246.33,256.41,1.203820650457851,3703989.301
2025-01-26,2025,1,6,0,SOLUSDT,256.4,260.16,240.32,240.5,-6.201248049921988,3028015.524
2025-01-27,2025,1,0,0,SOLUSDT,240.49,242.68,220.89,234.89,-2.328579150900255,8916620.842
2025-01-28,2025,1,1,0,SOLUSDT,234.9,244.0,225.01,227.06,-3.3375904640272474,3483450.087
2025-01-29,2025,1,2,0,SOLUSDT,227.06,238.49,222.63,228.16,0.4844534484277258,3844193.838
2025-01-30,2025,1,3,0,SOLUSDT,228.16,244.7,226.84,238.31,4.448632538569427,3341265.973
2025-01-31,2025,1,4,0,SOLUSDT,238.3,241.82,228.24,231.77,-2.7402433906840122,2942165.567
2025-02-01,2025,2,5,0,SOLUSDT,231.77,236.46,212.74,213.03,-8.085602105535663,2849748.65
2025-02-02,2025,2,6,0,SOLUSDT,213.03,218.9,192.31,203.51,-4.468854151997377,7255500.333
2025-02-03,2025,2,0,0,SOLUSDT,203.52,218.7,175.89,216.28,6.269654088050309,12836970.265
2025-02-04,2025,2,1,0,SOLUSDT,216.27,219.97,201.87,206.64,-4.452767374115699,6024194.387
2025-02-05,2025,2,2,0,SOLUSDT,206.64,209.39,195.14,196.12,-5.090979481223376,3154802.037
2025-02-06,2025,2,3,0,SOLUSDT,196.12,203.98,187.39,189.54,-3.355088721191114,3444767.147
2025-02-07,2025,2,4,0,SOLUSDT,189.53,203.42,188.12,191.99,1.2979475544768682,3925596.773
2025-02-08,2025,2,5,0,SOLUSDT,192.0,200.88,189.81,199.32,3.8124999999999964,1967596.752
2025-02-09,2025,2,6,0,SOLUSDT,199.32,207.37,193.53,200.47,0.5769616696769043,2879138.46
2025-02-10,2025,2,0,0,SOLUSDT,200.47,209.05,195.85,200.47,0.0,4040840.548
2025-02-11,2025,2,1,0,SOLUSDT,200.47,206.18,195.12,197.96,-1.2520576644884476,3930238.335
2025-02-12,2025,2,2,0,SOLUSDT,197.95,198.56,188.48,196.78,-0.5910583480676875,3898533.321
2025-02-13,2025,2,3,0,SOLUSDT,196.78,198.47,188.78,194.25,-1.2856997662364067,2427771.876
2025-02-14,2025,2,4,0,SOLUSDT,194.24,205.34,194.11,199.39,2.6513591433278303,3727686.063
2025-02-15,2025,2,5,0,SOLUSDT,199.4,200.27,192.61,194.48,-2.4674022066198678,1633300.399
2025-02-16,2025,2,6,0,SOLUSDT,194.47,196.24,186.3,188.27,-3.188152414254121,2009380.862
2025-02-17,2025,2,0,0,SOLUSDT,188.26,189.72,174.63,177.53,-5.699564432168272,4287573.73
2025-02-18,2025,2,1,0,SOLUSDT,177.53,179.09,160.88,169.32,-4.624570495127588,6319186.166
2025-02-19,2025,2,2,0,SOLUSDT,169.32,174.3,163.75,168.93,-0.23033309709425137,3478319.262
2025-02-20,2025,2,3,0,SOLUSDT,168.94,176.65,167.66,176.0,4.178998460992069,2938753.335
2025-02-21,2025,2,4,0,SOLUSDT,176.0,180.52,167.15,168.94,-4.011363636363638,4103682.857
2025-02-22,2025,2,5,0,SOLUSDT,168.94,174.68,168.07,172.07,1.8527287794483223,1886813.457
2025-02-23,2025,2,6,0,SOLUSDT,172.07,173.07,166.42,167.94,-2.400185970825824,1488310.759
2025-02-24,2025,2,0,0,SOLUSDT,167.94,169.69,138.0,141.81,-15.559128260092889,7997237.915
2025-02-25,2025,2,1,0,SOLUSDT,141.81,147.09,131.91,144.33,1.7770255976306395,11747010.145
2025-02-26,2025,2,2,0,SOLUSDT,144.33,145.19,130.65,135.32,-6.242638398115443,5368401.059
2025-02-27,2025,2,3,0,SOLUSDT,135.33,142.9,134.71,137.68,1.7364959728072078,4322990.459
2025-02-28,2025,2,4,0,SOLUSDT,137.68,148.72,125.55,148.18,7.62638001162115,10039960.613
2025-03-01,2025,3,5,0,SOLUSDT,148.18,151.25,138.57,143.66,-3.050344176002166,4151855.758
2025-03-02,2025,3,6,0,SOLUSDT,143.66,179.85,140.04,178.71,24.397883892524025,13474639.846
2025-03-03,2025,3,0,0,SOLUSDT,178.72,179.47,139.21,142.16,-20.456580125335723,11096202.04
2025-03-04,2025,3,1,0,SOLUSDT,142.16,147.0,130.66,144.79,1.85002813731007,10389598.334
2025-03-05,2025,3,2,0,SOLUSDT,144.8,149.73,140.18,146.28,1.022099447513805,4895520.585
2025-03-06,2025,3,3,0,SOLUSDT,146.27,152.9,142.44,143.31,-2.0236548848020837,4451879.661
2025-03-07,2025,3,4,0,SOLUSDT,143.3,150.88,135.04,139.39,-2.7285415212840367,7267412.771
2025-03-08,2025,3,5,0,SOLUSDT,139.39,141.09,135.29,137.01,-1.7074395580744643,2135751.393
2025-03-09,2025,3,6,0,SOLUSDT,137.01,139.88,125.41,126.51,-7.663674184366095,3909495.652
2025-03-10,2025,3,0,0,SOLUSDT,126.52,131.57,115.47,118.32,-6.481188744862474,6654109.331
2025-03-11,2025,3,1,0,SOLUSDT,118.32,128.43,112.0,125.35,5.941514536849224,6435277.863
2025-03-12,2025,3,2,0,SOLUSDT,125.35,131.33,121.22,126.62,1.0131631431990509,4410502.14
2025-03-13,2025,3,3,0,SOLUSDT,126.61,128.76,120.76,123.37,-2.559039570334093,2824584.961
2025-03-14,2025,3,4,0,SOLUSDT,123.36,136.03,122.98,133.54,8.252269779507127,3607725.492
2025-03-15,2025,3,5,0,SOLUSDT,133.53,136.53,132.44,135.86,1.7449262338051468,1918077.49
2025-03-16,2025,3,6,0,SOLUSDT,135.86,136.71,125.21,126.13,-7.161784189606961,2764260.892
2025-03-17,2025,3,0,0,SOLUSDT,126.13,130.64,125.55,128.01,1.4905256481408036,2707611.094
2025-03-18,2025,3,1,0,SOLUSDT,128.01,128.19,121.76,125.33,-2.093586438559482,3181789.699
2025-03-19,2025,3,2,0,SOLUSDT,125.33,136.08,124.2,135.33,7.978935609989639,4170497.991
2025-03-20,2025,3,3,0,SOLUSDT,135.33,136.12,126.65,127.6,-5.71196334885097,2593287.986
2025-03-21,2025,3,4,0,SOLUSDT,127.6,130.18,124.81,128.48,0.6896551724137895,2400422.348
2025-03-22,2025,3,5,0,SOLUSDT,128.47,131.84,127.8,128.51,0.03113567369813345,1498168.196
2025-03-23,2025,3,6,0,SOLUSDT,128.5,134.06,128.21,132.84,3.377431906614789,1763485.986
2025-03-24,2025,3,0,0,SOLUSDT,132.85,144.96,132.04,141.01,6.142265713210385,4554131.645
2025-03-25,2025,3,1,0,SOLUSDT,141.01,147.48,138.17,143.64,1.8651159492234564,3529958.67
2025-03-26,2025,3,2,0,SOLUSDT,143.64,145.49,135.89,137.34,-4.3859649122806905,3099523.287
2025-03-27,2025,3,3,0,SOLUSDT,137.35,140.22,135.63,138.43,0.7863123407353567,2466162.683
2025-03-28,2025,3,4,0,SOLUSDT,138.44,139.05,127.69,129.49,-6.464894539150526,3892191.365
2025-03-29,2025,3,5,0,SOLUSDT,129.5,130.54,122.68,124.58,-3.799227799227801,2610065.515
2025-03-30,2025,3,6,0,SOLUSDT,124.58,127.08,123.0,124.82,0.19264729491089652,1743775.296
2025-03-31,2025,3,0,0,SOLUSDT,124.83,127.81,122.75,124.54,-0.23231594969157415,3730628.853
2025-04-01,2025,4,1,0,SOLUSDT,124.53,130.55,123.74,126.67,1.7184614149201,3554277.848
2025-04-02,2025,4,2,0,SOLUSDT,126.68,136.21,117.0,117.42,-7.30975686769814,6288908.68
2025-04-03,2025,4,3,0,SOLUSDT,117.42,120.94,112.24,117.17,-0.21291091807187873,5854867.278
2025-04-04,2025,4,4,0,SOLUSDT,117.17,124.0,113.25,122.79,4.796449603140739,5721072.32
2025-04-05,2025,4,5,0,SOLUSDT,122.8,122.85,117.15,120.32,-2.019543973941371,1784381.3
2025-04-06,2025,4,6,0,SOLUSDT,120.33,121.13,103.81,105.91,-11.983711460151254,4934346.985
2025-04-07,2025,4,0,0,SOLUSDT,105.9,113.0,95.26,106.99,1.029272898961274,12630664.993
2025-04-08,2025,4,1,0,SOLUSDT,106.98,112.58,102.96,105.4,-1.4769115722564947,5839129.782
2025-04-09,2025,4,2,0,SOLUSDT,105.4,121.0,101.26,119.05,12.950664136622384,9334586.139
2025-04-10,2025,4,3,0,SOLUSDT,119.05,119.3,108.21,112.81,-5.241495170096594,5566324.629
2025-04-11,2025,4,4,0,SOLUSDT,112.8,122.65,112.16,121.41,7.632978723404254,4344066.889
2025-04-12,2025,4,5,0,SOLUSDT,121.41,134.11,119.41,132.24,8.92018779342724,4620265.855
2025-04-13,2025,4,6,0,SOLUSDT,132.24,133.96,125.32,128.38,-2.9189352692075117,4054370.603
2025-04-14,2025,4,0,0,SOLUSDT,128.38,136.13,127.98,129.42,0.8100950303785573,4150251.45
2025-04-15,2025,4,1,0,SOLUSDT,129.41,134.45,125.82,126.11,-2.5500347732014506,3431482.497
2025-04-16,2025,4,2,0,SOLUSDT,126.1,133.91,123.49,131.33,4.1475019825535435,5320768.994
2025-04-17,2025,4,3,0,SOLUSDT,131.33,136.2,129.5,134.83,2.665042259955836,3817459.718
2025-04-18,2025,4,4,0,SOLUSDT,134.84,136.02,132.47,134.04,-0.5932957579353392,2556341.874
2025-04-19,2025,4,5,0,SOLUSDT,134.05,140.5,133.58,139.87,4.341663558373736,2816038.068
2025-04-20,2025,4,6,0,SOLUSDT,139.86,141.96,135.64,137.86,-1.4300014300014299,3498098.615
2025-04-21,2025,4,0,0,SOLUSDT,137.86,143.25,133.82,136.56,-0.942985637603374,4657400.503
2025-04-22,2025,4,1,0,SOLUSDT,136.57,150.23,134.68,148.79,8.94779234092407,5078409.536
2025-04-23,2025,4,2,0,SOLUSDT,148.78,154.21,147.13,151.1,1.5593493749159788,4801378.47
2025-04-24,2025,4,3,0,SOLUSDT,151.1,152.9,144.87,152.55,0.9596293845135785,3535860.484
2025-04-25,2025,4,4,0,SOLUSDT,152.55,157.0,149.87,150.82,-1.1340544083907034,4226767.973
2025-04-26,2025,4,5,0,SOLUSDT,150.82,153.17,147.75,149.21,-1.0674976793528612,1766805.88
2025-04-27,2025,4,6,0,SOLUSDT,149.22,150.41,145.51,147.98,-0.830987803243539,1599977.891
2025-04-28,2025,4,0,0,SOLUSDT,147.97,153.4,144.63,147.84,-0.08785564641481074,3507950.445
2025-04-29,2025,4,1,0,SOLUSDT,147.84,150.39,145.0,146.31,-1.034902597402598,2498992.492
2025-04-30,2025,4,2,0,SOLUSDT,146.3,148.67,140.32,147.54,0.8475734791524133,2780816.363
2025-05-01,2025,5,3,0,SOLUSDT,147.54,153.99,147.54,150.85,2.243459400840452,3037281.454
2025-05-02,2025,5,4,0,SOLUSDT,150.85,151.91,147.3,148.05,-1.8561484918793392,2216263.073
2025-05-03,2025,5,5,0,SOLUSDT,148.04,149.05,145.82,146.71,-0.8984058362604593,1406583.56
2025-05-04,2025,5,6,0,SOLUSDT,146.71,147.81,143.5,143.95,-1.8812623543044231,1613358.553
2025-05-05,2025,5,0,0,SOLUSDT,143.94,147.73,142.5,146.72,1.9313602890093102,2030995.801
2025-05-06,2025,5,1,0,SOLUSDT,146.72,147.23,141.41,146.88,0.10905125408941971,2352310.935
2025-05-07,2025,5,2,0,SOLUSDT,146.89,149.54,144.68,147.32,0.2927360609980304,2440566.284
2025-05-08,2025,5,3,0,SOLUSDT,147.32,164.6,147.08,164.46,11.634537062177582,6040622.618
2025-05-09,2025,5,4,0,SOLUSDT,164.46,176.15,161.07,172.78,5.058980907211476,6318574.649
2025-05-10,2025,5,5,0,SOLUSDT,172.77,178.98,168.72,177.89,2.9634774555767645,3339701.179
2025-05-11,2025,5,6,0,SOLUSDT,177.89,180.26,169.35,173.19,-2.642082185620321,3210729.52
2025-05-12,2025,5,0,0,SOLUSDT,173.2,181.46,168.31,174.22,0.5889145496535856,6245732.977
2025-05-13,2025,5,1,0,SOLUSDT,174.22,184.83,166.18,183.75,5.470095281827575,4587043.398
2025-05-14,2025,5,2,0,SOLUSDT,183.75,184.88,173.23,176.64,-3.869387755102048,3619155.253
2025-05-15,2025,5,3,0,SOLUSDT,176.63,178.33,166.7,169.16,-4.229179641057577,3546037.724
2025-05-16,2025,5,4,0,SOLUSDT,169.16,174.21,166.36,167.4,-1.040435091038065,2766386.671
2025-05-17,2025,5,5,0,SOLUSDT,167.4,169.99,164.01,165.94,-0.8721624850657157,2262121.706
2025-05-18,2025,5,6,0,SOLUSDT,165.94,176.77,164.54,173.3,4.43533807400266,3194610.936
2025-05-19,2025,5,0,0,SOLUSDT,173.3,173.94,159.44,166.86,-3.71609924985574,4076352.744
2025-05-20,2025,5,1,0,SOLUSDT,166.87,173.11,164.51,168.59,1.0307424941571277,3135420.426
2025-05-21,2025,5,2,0,SOLUSDT,168.59,175.99,165.51,173.53,2.9301856575123066,4400610.4
2025-05-22,2025,5,3,0,SOLUSDT,173.54,180.87,172.59,179.68,3.5380892013368763,3608222.862
2025-05-23,2025,5,4,0,SOLUSDT,179.68,187.71,173.23,174.01,-3.1556099732858502,6112910.776
2025-05-24,2025,5,5,0,SOLUSDT,174.0,178.33,172.5,175.87,1.0747126436781635,2317965.021
2025-05-25,2025,5,6,0,SOLUSDT,175.87,176.88,169.14,175.74,-0.0739182350599849,2530363.859
2025-05-26,2025,5,0,0,SOLUSDT,175.75,179.02,173.48,174.91,-0.4779516358463747,2214724.796
2025-05-27,2025,5,1,0,SOLUSDT,174.92,179.41,171.24,176.71,1.0233249485479192,2568509.368
2025-05-28,2025,5,2,0,SOLUSDT,176.72,177.45,168.92,172.21,-2.5520597555454905,2534660.877
2025-05-29,2025,5,3,0,SOLUSDT,172.22,175.34,165.96,166.71,-3.1993961212402686,2641789.968
2025-05-30,2025,5,4,0,SOLUSDT,166.71,167.51,155.22,156.2,-6.304360866174806,3770279.512
2025-05-31,2025,5,5,0,SOLUSDT,156.2,158.01,152.14,156.45,0.16005121638924458,2352257.752
2025-06-01,2025,6,6,0,SOLUSDT,156.45,157.92,150.59,157.68,0.7861936720997241,2042131.041
2025-06-02,2025,6,0,0,SOLUSDT,157.68,158.93,151.67,156.83,-0.5390664637239944,2502052.191
2025-06-03,2025,6,1,0,SOLUSDT,156.83,163.64,154.14,155.19,-1.0457182936938179,2849585.145
2025-06-04,2025,6,2,0,SOLUSDT,155.19,157.97,152.94,153.26,-1.243636832270125,1990646.424
2025-06-05,2025,6,3,0,SOLUSDT,153.27,154.61,141.53,144.29,-5.8589417368043435,4258041.075
2025-06-06,2025,6,4,0,SOLUSDT,144.28,152.39,144.11,147.83,2.4604934848904985,2167791.114
2025-06-07,2025,6,5,0,SOLUSDT,147.82,152.84,146.84,150.06,1.5153565146800223,1408204.615
2025-06-08,2025,6,6,0,SOLUSDT,150.07,155.3,147.88,152.45,1.5859265676017829,1564000.366
2025-06-09,2025,6,0,0,SOLUSDT,152.45,161.73,149.58,161.16,5.713348638898005,3079728.265
2025-06-10,2025,6,1,0,SOLUSDT,161.16,165.67,156.32,165.12,2.4571854058078975,3589559.163
2025-06-11,2025,6,2,0,SOLUSDT,165.12,168.36,159.21,160.97,-2.5133236434108563,4019424.999
2025-06-12,2025,6,3,0,SOLUSDT,160.98,161.28,158.74,159.12,-1.1554230339172478,605593.537
